label	is_feature
accordion	0
aeroplane	0
alligator	0
ambulance	0
anchor	0
ant	0
apple	0
apricot	0
apron	0
arm	0
armchair	0
armour	0
arrow	0
artichoke	0
ashtray	0
asparagus	0
aspirin	0
aubergine	0
avocado	0
axe	0
bacon	0
badge	0
bag	0
bagpipes	0
ball	0
balloon	0
banana	0
banjo	0
barge	0
barrel	0
basin	0
basket	0
bat_(animal)	0
bat_(sporting)	0
bath	0
bayonet	0
bean	0
bear	0
beaver	0
bed	0
bee	0
beer	0
beetle	0
bell	0
bellows	0
belt	0
bench	0
bicycle	0
bikini	0
bin	0
birch	0
biscuit	0
blender	0
blouse	0
blueberry	0
boat	0
bolts	0
bomb	0
bone	0
book	0
bookcase	0
boomerang	0
boots	0
bottle	0
bouquet	0
bow_(weapon)	0
bowl	0
box	0
bra	0
bracelet	0
brandy	0
bread	0
brick	0
bridge	0
broccoli	0
brochure	0
broom	0
brush	0
brussel_sprouts	0
bucket	0
buckle	0
budgie	0
buffalo	0
buggy	0
bullet	0
bus	0
butter	0
buttercup	0
butterfly	0
button	0
buzzard	0
cabbage	0
cage	0
cake	0
calf	0
camel	0
camera	0
can_opener	0
canary	0
candle	0
cannon	0
canoe	0
cap	0
cape	0
car	0
caravan	0
carnation	0
carp	0
carriage	0
carrot	0
cart	0
castenets	0
castle	0
cat	0
catalogue	0
catapault	0
caterpillar	0
cauliflower	0
celery	0
cello	0
centipede	0
certificate	0
chain	0
chainsaw	0
chair	0
champagne	0
chandelier	0
cheese	0
cheetah	0
cherry	0
chest_of_drawers	0
chestnut	0
chicken	0
chipmunk	0
chisel	0
chocolate	0
cider	0
cigar	0
cigarette	0
clam	0
clamp	0
clarinet	0
cloak	0
clock	0
club	0
coach_(vehicle)	0
coat	0
cockerel	0
cockroach	0
coconut	0
cod	0
codeine	0
coffee	0
coffee_machine	0
coffee_pot	0
coffin	0
coin	0
colander	0
comb	0
cork	0
corkscrew	0
corn	0
courgette	0
cow	0
crab	0
cradle	0
crane_(bird)	0
crane_(equipment)	0
crayfish	0
crayon	0
cricket	0
crocodile	0
crossbow	0
crowbar	0
cucumber	0
cup	0
cupboard	0
currant	0
cushion	0
cutting_board	0
cymbal	0
daffodil	0
dagger	0
daisy	0
dandelion	0
dates	0
deckchair	0
deer	0
desk	0
dice	0
dictionary	0
dinghy	0
dishwasher	0
dog	0
doll	0
dolphin	0
donkey	0
doorknob	0
doughnut	0
dove	0
dragonfly	0
dress	0
dresser	0
dressing_gown	0
drill	0
drum	0
duck	0
eagle	0
ear	0
earmuffs	0
eel	0
elephant	0
elm	0
emu	0
encyclopaedia	0
envelope	0
eucalyptus	0
eye	0
falcon	0
fence	0
fern	0
ferry	0
finger	0
fir	0
flamingo	0
flannel	0
flea	0
flip_flops	0
flounder	0
flour	0
flute	0
foot	0
football	0
fork	0
fox	0
french_horn	0
fridge	0
frisbee	0
frog	0
garlic	0
gate	0
geranium	0
gerbil	0
gherkin	0
gin	0
giraffe	0
glider	0
gloves	0
glue	0
goat	0
goggles	0
goldfish	0
gong	0
goose	0
gorilla	0
gown	0
grape	0
grapefruit	0
grasshopper	0
grater	0
greeting_card	0
grenade	0
guinea_pig	0
guitar	0
gun	0
hair	0
ham	0
hammer	0
hamster	0
harmonica	0
harp	0
harpoon	0
harpsichord	0
hatchet	0
hawk	0
heart	0
hedgehog	0
helicopter	0
helmet	0
heron	0
herring	0
hippo	0
hoe	0
hook	0
hornet	0
horse	0
hose	0
houseboat	0
housefly	0
hummingbird	0
hutch	0
hyacinth	0
hyena	0
ibuprofen	0
ice_cream	0
iguana	0
jacket	0
jam	0
jar	0
jeans	0
jeep	0
jelly	0
jellyfish	0
jug	0
kangaroo	0
kayak	0
ketchup	0
kettle	0
key	0
kingfisher	0
kitchen_scales	0
kite	0
kiwi_fruit	0
knickers	0
knife	0
ladder	0
ladle	0
ladybird	0
lamb	0
lamp	0
land_rover	0
lantern	0
leek	0
leg	0
lemon	0
lemonade	0
leopard	0
leotard	0
lettuce	0
lily	0
lime	0
limousine	0
lion	0
lips	0
lipstick	0
lizard	0
llama	0
lobster	0
locust	0
lorry	0
machete	0
mackerel	0
magpie	0
mango	0
marble	0
marigold	0
mask	0
mat	0
mayonnaise	0
melon	0
menu	0
microscope	0
microwave	0
milk	0
millipede	0
minnow	0
mirror	0
mittens	0
monkey	0
moose	0
mop	0
moped	0
mosquito	0
moss	0
moth	0
motorcycle	0
mouse	0
mug	0
mushroom	0
mussel	0
nail	0
nail_polish	0
napkin	0
necklace	0
nectarine	0
needle	0
newspaper	0
nightingale	0
nose	0
nut	0
oak	0
octopus	0
oil_tanker	0
olive	0
onion	0
orange	0
orchid	0
organ_(musical_instrument)	0
ostrich	0
otter	0
oven	0
owl	0
ox	0
oyster	0
pamphlet	0
pansy	0
panther	0
parakeet	0
parka	0
parsley	0
partridge	0
peach	0
peacock	0
peanut	0
pear	0
peas	0
peeler	0
peg	0
pelican	0
pen	0
pencil	0
penguin	0
penknife	0
pennicillin	0
perfume	0
piano	0
pie	0
pig	0
pigeon	0
pillow	0
pin	0
pine	0
pineapple	0
pipe_(smoking)	0
pistol	0
plate	0
platypus	0
pliers	0
plough	0
plum	0
poison	0
pony	0
poppy	0
porcupine	0
porsche	0
potato	0
pram	0
prawn	0
projector	0
prune	0
pumpkin	0
puppet	0
pyjamas	0
pyramid	0
rabbit	0
raccoon	0
radio	0
radish	0
raft	0
raisin	0
rake	0
range_rover	0
raspberry	0
rat	0
rattle	0
rattlesnake	0
raven	0
razor	0
recorder	0
revolver	0
rhino	0
rhubarb	0
rice	0
rifle	0
ring_(jewellery)	0
robe	0
robin	0
rock	0
rocket	0
rocking_chair	0
rollerskate	0
rolling_pin	0
rolls_royce	0
rope	0
rose	0
ruler	0
salmon	0
sandals	0
sandpaper	0
sandwich	0
sardine	0
satchel	0
satsuma	0
saw	0
saxophone	0
scallop	0
scalpel	0
scarf	0
scissors	0
scorpion	0
screw	0
screwdriver	0
scythe	0
seagull	0
seahorse	0
seal_(animal)	0
seashell	0
seaweed	0
sellotape	0
shark	0
shawl	0
sheep	0
shield	0
ship	0
shirt	0
shoes	0
shotgun	0
shovel	0
shrimp	0
sink	0
skateboard	0
skirt	0
skis	0
skunk	0
sledge	0
slippers	0
slug	0
snail	0
sock	0
sofa	0
soup	0
spade	0
spanner	0
sparrow	0
spatula	0
spear	0
speedboat	0
spider	0
spinach	0
spirit_level	0
spoon	0
squid	0
squirrel	0
starling	0
stick	0
stick_insect	0
stockings	0
stone	0
stool	0
stove	0
strainer	0
strawberry	0
submarine	0
sugar	0
suit	0
sultana	0
sunflower	0
surfboard	0
swan	0
sweater	0
sweet_potato	0
swimsuit	0
swing	0
sword	0
sycamore	0
syringe	0
table	0
tambourine	0
tangerine	0
tank	0
tarantula	0
taxi	0
tea	0
telephone	0
television	0
tent	0
termite	0
textbook	0
thermometer	0
thimble	0
throne	0
thumb	0
tiger	0
tights	0
toad	0
toaster	0
tobacco	0
toe	0
toilet	0
tomato	0
tongs	0
tongue	0
tortoise	0
tractor	0
train	0
tray	0
tricycle	0
tripod	0
trolley	0
trombone	0
trousers	0
trout	0
trowel	0
truck	0
trumpet	0
tuba	0
tugboat	0
tulip	0
tuna	0
turkey	0
turnip	0
turtle	0
tweezers	0
typewriter	0
tyre	0
umbrella	0
unicycle	0
valium	0
van	0
veil	0
violin	0
wallet	0
walrus	0
wand	0
washing_machine	0
wasp	0
watch	0
watermelon	0
wetsuit	0
whale	0
wheel	0
wheelbarrow	0
wheelchair	0
whip	0
whisk	0
whisky	0
whistle	0
willow	0
window	0
wine	0
wolf	0
woodpecker	0
worm	0
wren	0
yacht	0
yoghurt	0
yoyo	0
zebra	0
comes_in_a_stick	1
does_DIY	1
does_absorb_water	1
does_add_air	1
does_affect_urine	1
does_allow_movement	1
does_attach_things	1
does_attract_attention	1
does_baa_bleat	1
does_bark	1
does_bask_in_the_sun	1
does_beat	1
does_beat_its_chest	1
does_become_a_butterfly	1
does_bend	1
does_bind	1
does_bite	1
does_blend	1
does_block_out_noise	1
does_bloom	1
does_blow	1
does_blow_air	1
does_blow_up	1
does_boil	1
does_boil_water	1
does_box	1
does_bray	1
does_break	1
does_breathe	1
does_breed_quickly	1
does_broadcast	1
does_brush	1
does_build	1
does_build_dams	1
does_burn	1
does_burrow_dig	1
does_burst	1
does_bury_head_in_sand	1
does_bury_nuts	1
does_buzz	1
does_call_people_to_dinner	1
does_calm	1
does_camouflage_on_sea_bed	1
does_canter	1
does_carry	1
does_carry_babies	1
does_carry_disease	1
does_carry_drinks	1
does_carry_food	1
does_carry_lots_of_people	1
does_carry_malaria	1
does_carry_people_across_water	1
does_carry_transport	1
does_carry_transport_goods	1
does_carry_transport_people	1
does_carry_two_people	1
does_carry_water	1
does_carry_young_in_pouch	1
does_catch	1
does_catch_disease	1
does_catch_fish	1
does_cause_an_itch	1
does_charge	1
does_chew	1
does_chew_wood	1
does_chill	1
does_chip	1
does_chirp	1
does_chirrup	1
does_chop	1
does_clean_cutlery	1
does_clean_dishes	1
does_clean_floors	1
does_clean_the_face	1
does_climb	1
does_climb_trees	1
does_cling_to_rocks	1
does_close	1
does_cluck	1
does_collect_nectar	1
does_comb	1
does_come_back	1
does_come_from_China	1
does_come_from_cows	1
does_come_from_goats	1
does_come_from_mammals	1
does_come_in_bags	1
does_come_in_bars	1
does_come_in_blocks	1
does_come_in_cans_tins	1
does_come_in_colours	1
does_come_in_cubes	1
does_come_in_lengths	1
does_come_in_pairs	1
does_commemorate	1
does_communicate	1
does_conceal_identity	1
does_connect_places	1
does_contain_animals	1
does_contain_hold	1
does_contain_hold_liquid	1
does_coo	1
does_cook_food	1
does_cook_rapidly	1
does_cool_down	1
does_cover	1
does_cover_body	1
does_cover_ears	1
does_cover_eyes	1
does_cover_genitals	1
does_cover_legs	1
does_cover_rocks	1
does_crack	1
does_crawl	1
does_croak	1
does_cross	1
does_cross_a_river	1
does_crow	1
does_cure	1
does_cure_headache	1
does_curl_up	1
does_cut	1
does_cut_chop_wood	1
does_cut_crops	1
does_cut_down_trees	1
does_cut_flesh	1
does_cut_food	1
does_cut_grass	1
does_damage	1
does_decrease_in_size_when_cooked	1
does_destroy	1
does_detailed_work	1
does_detect_light	1
does_detect_sounds	1
does_die_after_stinging	1
does_dig	1
does_display	1
does_display_images	1
does_dive	1
does_dive_underwater	1
does_divide	1
does_drain	1
does_drain_water	1
does_draw_lines	1
does_draw_up_liquid	1
does_drill	1
does_drink	1
does_drink_milk	1
does_drive_is_driven	1
does_dry_people	1
does_eat	1
does_eat_anything	1
does_eat_aphids	1
does_eat_bananas	1
does_eat_bread	1
does_eat_carrion	1
does_eat_carrots	1
does_eat_cheese	1
does_eat_chickens	1
does_eat_chips	1
does_eat_clothes	1
does_eat_corn	1
does_eat_crops	1
does_eat_fish	1
does_eat_flies	1
does_eat_from_trees	1
does_eat_fruit	1
does_eat_grass	1
does_eat_insects	1
does_eat_krill	1
does_eat_leaves	1
does_eat_nectar	1
does_eat_nuts	1
does_eat_plankton	1
does_eat_plants	1
does_eat_rabbits	1
does_eat_rodents_mice	1
does_eat_seeds	1
does_eat_small_animals	1
does_eat_wood	1
does_eat_worms	1
does_eject_liquid	1
does_enlarge	1
does_enlarge_images	1
does_explode	1
does_face_the_sun	1
does_fail	1
does_fasten	1
does_feed_babies	1
does_filter_feed	1
does_fire	1
does_fire_arrows	1
does_fire_bolts	1
does_fire_bullets	1
does_flap_its_wings_fast	1
does_flatten	1
does_flatten_pastry	1
does_flavour	1
does_fling_over_long_distances	1
does_flip_things	1
does_float	1
does_flush	1
does_flutter	1
does_fly	1
does_fly_high	1
does_fly_in_the_sky	1
does_fold	1
does_frolic	1
does_gallop	1
does_give_choice	1
does_glide	1
does_gnaw	1
does_go_anywhere	1
does_go_in_a_shoe	1
does_go_into_space	1
does_go_off	1
does_go_on_roads	1
does_go_through_red_lights	1
does_go_to_hospital	1
does_go_up_and_down	1
does_go_with_chairs	1
does_go_with_knives	1
does_go_with_saucer	1
does_gobble	1
does_grate	1
does_grate_cheese	1
does_grip	1
does_grow	1
does_grow_close_to_the_ground	1
does_grow_from_a_bulb	1
does_grow_from_caterpillars	1
does_grow_in_ground	1
does_grow_in_hot_countries	1
does_grow_on_bushes	1
does_grow_on_plants	1
does_grow_on_trees	1
does_grow_on_vines	1
does_grow_underground	1
does_growl	1
does_guide_larger_boats	1
does_hang	1
does_hang_from_ceilings	1
does_hang_from_something	1
does_hang_upside_down	1
does_heat	1
does_heat_water	1
does_help_balance	1
does_help_people_speak	1
does_hibernate	1
does_hiss	1
does_hit	1
does_hit_balls	1
does_hit_nails	1
does_hit_people	1
does_hold_ash	1
does_hold_books	1
does_hold_contain_liquid_water	1
does_hold_drinks	1
does_hold_food	1
does_hold_tea	1
does_hold_things_in_place	1
does_hold_things_together	1
does_hoot	1
does_hop	1
does_house_people	1
does_hover	1
does_howl	1
does_howl_at_the_moon	1
does_huddle	1
does_hum	1
does_hunt	1
does_hunt_in_packs	1
does_hurt	1
does_hurt_people	1
does_infuse	1
does_inject	1
does_invert_in_wind	1
does_jingle	1
does_jump	1
does_jump_long_distances	1
does_keep_a_ship_in_position	1
does_keep_clean	1
does_keep_dry	1
does_keep_ears_warm	1
does_keep_feet_warm	1
does_keep_food_cool	1
does_keep_food_fresh	1
does_keep_hands_warm	1
does_keep_legs_warm	1
does_keep_the_water_out	1
does_keep_things_out	1
does_keep_warm	1
does_kick	1
does_kill	1
does_kill_animals	1
does_kill_antelope	1
does_kill_bacteria	1
does_kill_people	1
does_kiss	1
does_laugh	1
does_lay_eggs	1
does_lay_eggs_on_beach	1
does_lay_spawn	1
does_leave_a_trail	1
does_let_in_light	1
does_lift	1
does_light_a_room	1
does_like_blood	1
does_like_flowers	1
does_like_honey	1
does_like_milk	1
does_like_moisture	1
does_like_mud	1
does_like_shiny_objects	1
does_liquidise	1
does_live_a_long_time	1
does_live_by_water	1
does_live_in_Antarctica	1
does_live_in_a_bowl	1
does_live_in_a_hive	1
does_live_in_a_hutch	1
does_live_in_a_mound	1
does_live_in_a_stable	1
does_live_in_barns	1
does_live_in_caves	1
does_live_in_colonies	1
does_live_in_groups	1
does_live_in_herds	1
does_live_in_hot_countries	1
does_live_in_jungles	1
does_live_in_rivers	1
does_live_in_sewers	1
does_live_in_shoals	1
does_live_in_sties	1
does_live_in_trees	1
does_live_in_warrens	1
does_live_in_water	1
does_live_on_land	1
does_lock	1
does_look_like_a_stick	1
does_loosen	1
does_loosen_bolts	1
does_make_a_crashing_sound	1
does_make_a_knocking_sound	1
does_make_bread	1
does_make_butter	1
does_make_coffee	1
does_make_dandelion_clocks	1
does_make_drinks	1
does_make_guacomole	1
does_make_holes	1
does_make_honey	1
does_make_music	1
does_make_people_cry	1
does_make_people_happy	1
does_make_pretty	1
does_make_raisins	1
does_make_sound_a_noise	1
does_make_statues	1
does_make_tea	1
does_make_walls	1
does_make_wine	1
does_make_you_drunk	1
does_measure	1
does_measure_distance_length	1
does_measure_ingredients	1
does_measure_temperature	1
does_melt	1
does_meow	1
does_mix_cake_mixture	1
does_mix_ingredients	1
does_moo	1
does_move	1
does_move_back_and_forth	1
does_move_earth	1
does_move_loads	1
does_move_slowly	1
does_need_a_player	1
does_need_sharpening	1
does_need_the_wind	1
does_need_water	1
does_neigh	1
does_nest	1
does_not_fly	1
does_not_forget	1
does_not_like_salt	1
does_not_need_water	1
does_oink	1
does_open	1
does_open_and_close	1
does_open_cans	1
does_open_doors	1
does_open_locks	1
does_peck	1
does_peck_trees	1
does_peel	1
does_peel_fruit	1
does_peel_vegetables	1
does_photosynthesise	1
does_pick_up	1
does_pick_up_hot_things	1
does_pierce	1
does_pin_on_a_wall	1
does_play	1
does_play_music	1
does_play_notes	1
does_play_sound	1
does_plough	1
does_pluck	1
does_point	1
does_pollinate	1
does_pollute	1
does_pour	1
does_print	1
does_produce_milk	1
does_produce_smoke	1
does_produce_steam	1
does_project	1
does_project_images	1
does_protect	1
does_protect_clothes	1
does_protect_eyes	1
does_protect_feet	1
does_protect_fingers	1
does_protect_from_needles	1
does_protect_from_spills	1
does_protect_from_sun	1
does_protect_from_the_rain	1
does_protect_from_weather	1
does_protect_hands	1
does_protect_surface	1
does_protect_the_eyes	1
does_protect_the_head	1
does_protect_thumbs	1
does_provide_access	1
does_provide_light	1
does_pull	1
does_pull__boats	1
does_pull_carts	1
does_pull_out_splinters	1
does_pump	1
does_pump_blood	1
does_purr	1
does_quack	1
does_race	1
does_radiate	1
does_radiate_microwaves	1
does_rake	1
does_rattle	1
does_receive_radiowaves	1
does_reduce_inflammation	1
does_reflect_light	1
does_remove	1
does_remove_corks	1
does_remove_hair	1
does_retract_into_its_shell	1
does_revitalise_you	1
does_ribbit	1
does_ride_waves	1
does_ring	1
does_rise	1
does_roar	1
does_rock	1
does_roll	1
does_rotate	1
does_rotate_head	1
does_run	1
does_run_fast	1
does_run_in_wheels	1
does_run_on_tracks	1
does_sail	1
does_save_time	1
does_saw	1
does_scavenge	1
does_scavenge_in_bins	1
does_scoop	1
does_scrape	1
does_screech	1
does_screw	1
does_scuttle_scurry	1
does_set	1
does_shatter	1
does_shelter	1
does_shoot	1
does_show_friendship	1
does_show_that_you_like_butter	1
does_sing	1
does_sink	1
does_slide	1
does_slither	1
does_smell_good_nice	1
does_smell_is_smelly	1
does_sneeze	1
does_soar	1
does_sound_nice	1
does_spin	1
does_spin_webs	1
does_spit	1
does_spray	1
does_spread	1
does_squeak	1
does_squirt_ink	1
does_squirt_water	1
does_stab	1
does_stand	1
does_stand_on_one_leg	1
does_steal	1
does_stick	1
does_stick_out	1
does_sting	1
does_stir	1
does_stop	1
does_stop_bottles	1
does_stop_bullets	1
does_stop_pain	1
does_stop_shoes_rubbing	1
does_stop_swords	1
does_store	1
does_store_alcohol	1
does_store_beer	1
does_store_food	1
does_store_food_in_cheeks	1
does_store_things_for_winter	1
does_strain	1
does_strut	1
does_stunts_tricks	1
does_suck	1
does_suck_blood	1
does_support	1
does_support_breasts	1
does_support_the_body	1
does_support_weight	1
does_swarm	1
does_sweep	1
does_sweeten	1
does_swim	1
does_swim_upstream	1
does_swing	1
does_take_photographs	1
does_taste	1
does_tell_the_time	1
does_thin_blood	1
does_throw	1
does_throw_rocks	1
does_tick	1
does_tidy	1
does_tie	1
does_tie_around_back	1
does_tighten	1
does_tighten_bolts	1
does_toast	1
does_toast_bread	1
does_tow	1
does_translate	1
does_transport_cars	1
does_transport_oil	1
does_trap	1
does_travel	1
does_travel_long_distances	1
does_treat_illness	1
does_treat_infections	1
does_trot	1
does_trumpet	1
does_turn	1
does_twang	1
does_twist	1
does_type	1
does_untangle_hair	1
does_use_echolocation	1
does_use_electricity	1
does_use_fuel_diesel_petrol	1
does_use_gas	1
does_use_water	1
does_vibrate	1
does_waddle	1
does_wag_its_tail	1
does_wake_you_up	1
does_walk	1
does_walk_sideways	1
does_warm	1
does_wash_clothes	1
does_washing_up	1
does_weigh	1
does_whip	1
does_whip_cream	1
does_whisk	1
does_whistle	1
does_work	1
does_wrap_around	1
does_wriggle	1
found_in_bars	1
has_a_baby_seat	1
has_a_back	1
has_a_bag	1
has_a_bag_of_air	1
has_a_balance	1
has_a_ball	1
has_a_barrel	1
has_a_base	1
has_a_basin	1
has_a_basket	1
has_a_battery	1
has_a_beak	1
has_a_beard	1
has_a_beautiful_voice	1
has_a_bed_beds	1
has_a_bedroom	1
has_a_belt	1
has_a_big_beak	1
has_a_big_head	1
has_a_big_horn	1
has_a_big_mouth	1
has_a_big_stone	1
has_a_big_tail	1
has_a_bin_bag	1
has_a_bit	1
has_a_black_centre	1
has_a_blade_blades	1
has_a_blowhole	1
has_a_body	1
has_a_bow	1
has_a_bowl	1
has_a_bowl_end	1
has_a_brown_centre	1
has_a_brush	1
has_a_bubble	1
has_a_bucket	1
has_a_bulb	1
has_a_bushy_tail	1
has_a_cab	1
has_a_cabin_cabins	1
has_a_canal	1
has_a_cap	1
has_a_captain	1
has_a_case	1
has_a_centre	1
has_a_chain	1
has_a_chamber	1
has_a_chest	1
has_a_chin_strap	1
has_a_cistern	1
has_a_clapper	1
has_a_clasp	1
has_a_cloth	1
has_a_cockpit	1
has_a_cocoon	1
has_a_collar	1
has_a_compartment	1
has_a_cone	1
has_a_core	1
has_a_cork	1
has_a_cornea	1
has_a_cover	1
has_a_creature_inside	1
has_a_crew	1
has_a_cross_head	1
has_a_crust	1
has_a_curly_tail	1
has_a_curved_blade	1
has_a_cutter	1
has_a_deck	1
has_a_deep_sound	1
has_a_den	1
has_a_dial	1
has_a_door_doors	1
has_a_drain	1
has_a_drawbridge	1
has_a_drum	1
has_a_duck_bill	1
has_a_duvet	1
has_a_fabric_covering	1
has_a_face	1
has_a_filling	1
has_a_filter	1
has_a_fin	1
has_a_fire	1
has_a_flame	1
has_a_flap	1
has_a_flash	1
has_a_flat_blade	1
has_a_flat_head	1
has_a_flat_surface	1
has_a_flat_tail	1
has_a_flavour	1
has_a_fleece	1
has_a_fluffy_tail	1
has_a_flush	1
has_a_focus	1
has_a_food_bowl	1
has_a_foot	1
has_a_forked_tongue	1
has_a_frame	1
has_a_freezer	1
has_a_funnel	1
has_a_fuse	1
has_a_gate	1
has_a_green_stalk	1
has_a_grip_grips	1
has_a_groundsheet	1
has_a_hand	1
has_a_handle_handles	1
has_a_hard_shell	1
has_a_head	1
has_a_headband	1
has_a_heart	1
has_a_heel	1
has_a_hinge_hinges	1
has_a_hip	1
has_a_hob	1
has_a_hole	1
has_a_hole_in_the_centre	1
has_a_hood	1
has_a_horn	1
has_a_hull	1
has_a_hundred_legs	1
has_a_jacket	1
has_a_keyboard	1
has_a_kitchen	1
has_a_knee	1
has_a_knife	1
has_a_knuckle	1
has_a_latch	1
has_a_leash	1
has_a_lens	1
has_a_lever	1
has_a_lid	1
has_a_light	1
has_a_lining	1
has_a_lip	1
has_a_lobe	1
has_a_lock	1
has_a_logo	1
has_a_long_beak	1
has_a_long_body	1
has_a_long_handle	1
has_a_long_neck	1
has_a_long_stem	1
has_a_long_tail	1
has_a_long_tongue	1
has_a_luggage_area	1
has_a_mane	1
has_a_mating_ritual	1
has_a_mattress	1
has_a_message	1
has_a_meter	1
has_a_microphone	1
has_a_minute_hand	1
has_a_mirror	1
has_a_moat	1
has_a_mouth	1
has_a_mouthpiece	1
has_a_nail_nails	1
has_a_name	1
has_a_neck	1
has_a_neck_strap	1
has_a_needle	1
has_a_nib	1
has_a_nose	1
has_a_nozzle	1
has_a_papery_skin	1
has_a_part_for_thumb	1
has_a_peak	1
has_a_pearl	1
has_a_pedal_pedals	1
has_a_pendant	1
has_a_periscope	1
has_a_picture_pictures	1
has_a_pillowcase	1
has_a_pilot	1
has_a_pin	1
has_a_plate	1
has_a_plug	1
has_a_plughole	1
has_a_plunger	1
has_a_point	1
has_a_point_at_the_top	1
has_a_portcullis	1
has_a_pouch	1
has_a_precious_stone	1
has_a_proboscis	1
has_a_prong	1
has_a_propeller	1
has_a_pupil	1
has_a_puppet_master	1
has_a_receiver	1
has_a_red_breast	1
has_a_red_crest	1
has_a_reed	1
has_a_remote_control	1
has_a_retina	1
has_a_rider	1
has_a_rim	1
has_a_rind	1
has_a_roof	1
has_a_rope	1
has_a_rotating_dish	1
has_a_round_end	1
has_a_rudder	1
has_a_saddle	1
has_a_scale	1
has_a_screen	1
has_a_screw	1
has_a_seal	1
has_a_seat_seats	1
has_a_seed	1
has_a_segmented_body	1
has_a_shade	1
has_a_sharp_beak	1
has_a_sharp_blade_blades	1
has_a_sharp_edge_edges	1
has_a_sharp_point	1
has_a_sharp_sound	1
has_a_shell	1
has_a_shirt	1
has_a_short_memory	1
has_a_short_tail	1
has_a_shoulder	1
has_a_shutter	1
has_a_sign	1
has_a_signature	1
has_a_siren	1
has_a_skirt	1
has_a_sleeping_area	1
has_a_slider	1
has_a_small_head	1
has_a_smooth_base	1
has_a_snout	1
has_a_sole	1
has_a_speaker	1
has_a_spine	1
has_a_spout	1
has_a_spring	1
has_a_square_base	1
has_a_stalk_stem	1
has_a_stamp	1
has_a_stand	1
has_a_steering_wheel	1
has_a_stick	1
has_a_sticky_side	1
has_a_sting	1
has_a_stone	1
has_a_stopper	1
has_a_story	1
has_a_strap_around_the_head	1
has_a_strap_between_the_toes	1
has_a_strap_straps	1
has_a_string	1
has_a_striped_tail	1
has_a_strong_flavour	1
has_a_strong_smell	1
has_a_strong_tail	1
has_a_subject	1
has_a_surface	1
has_a_switch	1
has_a_tablet	1
has_a_tail	1
has_a_tank	1
has_a_taxi_driver	1
has_a_thigh	1
has_a_thin_body	1
has_a_thread	1
has_a_throat_pouch	1
has_a_timer	1
has_a_toilet_toilets	1
has_a_tongue	1
has_a_top	1
has_a_trailer	1
has_a_tread	1
has_a_trigger	1
has_a_trunk	1
has_a_turret	1
has_a_twitchy_nose	1
has_a_tyre_tyres	1
has_a_waistband	1
has_a_wheel	1
has_a_wick	1
has_a_wingspan	1
has_a_wire_cord_cable	1
has_a_wooden_frame	1
has_a_wooden_handle	1
has_a_yellow_beak	1
has_a_yellow_centre	1
has_a_zip	1
has_a_zoom	1
has_acorns	1
has_advertising	1
has_air	1
has_an_address	1
has_an_aerial	1
has_an_anchor	1
has_an_ankle	1
has_an_arm	1
has_an_arrow	1
has_an_author	1
has_an_axle	1
has_an_eardrum	1
has_an_edge	1
has_an_elbow	1
has_an_element	1
has_an_emblem	1
has_an_end	1
has_an_engine	1
has_an_envelope	1
has_an_eraser	1
has_an_exhaust	1
has_an_exoskeleton	1
has_an_eye	1
has_an_eyepiece	1
has_an_hour_hand	1
has_an_inner/outer	1
has_an_iris	1
has_an_optic_nerve	1
has_an_ornament	1
has_antenna	1
has_antioxidants	1
has_antlers	1
has_arches	1
has_armour	1
has_arms	1
has_arteries	1
has_articles	1
has_astronauts	1
has_atria	1
has_bacteria	1
has_balls	1
has_barbs	1
has_bark	1
has_bars	1
has_beans	1
has_beautiful_feathers	1
has_been_replaced_by_computers	1
has_bellows	1
has_bells	1
has_belt_loops	1
has_big_back_legs	1
has_big_ears	1
has_big_eggs	1
has_big_eyes	1
has_big_jaws	1
has_big_leaves	1
has_big_petals	1
has_big_rear_wheels	1
has_big_teeth	1
has_big_wheels	1
has_big_wings	1
has_bits_in_it	1
has_black_and_white_stripes	1
has_black_fur	1
has_black_keys	1
has_black_seeds_pips	1
has_black_spots	1
has_black_stripes	1
has_blankets	1
has_blood	1
has_blubber	1
has_blue_lights	1
has_books	1
has_bottoms	1
has_bottoms_and_a_top	1
has_brakes	1
has_branches	1
has_bright_feathers	1
has_bristles	1
has_brown_spots	1
has_bubbles	1
has_buckles	1
has_bullets	1
has_buttons	1
has_caffeine	1
has_calcium	1
has_candles	1
has_cannonballs	1
has_cards	1
has_carriages	1
has_cars	1
has_caterpillar_tracks	1
has_centimetres	1
has_chains	1
has_chambers	1
has_channels	1
has_chapters	1
has_cigarette_rests	1
has_claws	1
has_clothes	1
has_cloves	1
has_cogs	1
has_compartments	1
has_compound_eyes	1
has_cones	1
has_controls	1
has_corners	1
has_cream	1
has_cubs	1
has_cuffs	1
has_cups	1
has_curtains	1
has_curved_rockers	1
has_cushions	1
has_cygnets	1
has_cymbals	1
has_dark_windows	1
has_decoration	1
has_definitions	1
has_descriptions	1
has_dimples	1
has_dirt	1
has_dots	1
has_dots_on_the_faces	1
has_drawers	1
has_drooping_branches	1
has_ducklings	1
has_dust	1
has_ears	1
has_eight_legs	1
has_eight_tentacles	1
has_equipment	1
has_eye_holes	1
has_eyelashes	1
has_eyelids	1
has_eyes	1
has_eyes_on_stalks	1
has_faces	1
has_facts	1
has_fangs	1
has_fat	1
has_feathers	1
has_feet	1
has_fibre	1
has_film	1
has_fingerholes	1
has_fingers	1
has_fins	1
has_five_toes	1
has_flashing_lights	1
has_flavours	1
has_flesh	1
has_flies	1
has_flippers	1
has_florets	1
has_flowers	1
has_fossils	1
has_four-wheel_drive	1
has_four_chambers	1
has_four_holes	1
has_four_legs	1
has_four_prongs	1
has_four_sides	1
has_four_strings	1
has_four_wheels	1
has_four_wings	1
has_frequencies	1
has_frilly_petals	1
has_fronds	1
has_froth	1
has_fur_hair	1
has_gears	1
has_gems	1
has_gills	1
has_good_eyesight	1
has_good_hearing	1
has_grains_granules	1
has_green_flesh	1
has_green_leaves	1
has_green_skin	1
has_grooves	1
has_gunpowder	1
has_guns	1
has_hair	1
has_hairs	1
has_ham	1
has_hammers	1
has_handlebars	1
has_hands	1
has_hard_tough_skin	1
has_headlines	1
has_helicopter_seeds	1
has_helium	1
has_hexagons	1
has_holes	1
has_hooves	1
has_horns	1
has_horses	1
has_hot_water	1
has_humps	1
has_icing	1
has_inches	1
has_information	1
has_ingredients	1
has_ink	1
has_iron	1
has_jam	1
has_jaws	1
has_jewels	1
has_joeys	1
has_joints	1
has_juice	1
has_keys	1
has_koalas	1
has_laces	1
has_lactose	1
has_ladders	1
has_lambs	1
has_layers	1
has_leaves	1
has_leg_holes	1
has_legs	1
has_lights	1
has_limescale	1
has_links	1
has_lip_gloss	1
has_long_arms	1
has_long_branches	1
has_long_ears	1
has_long_feathers	1
has_long_leaves	1
has_long_legs	1
has_long_sleeves	1
has_lots_of_teeth	1
has_males_carry_the_eggs	1
has_many_leaves	1
has_many_legs	1
has_markings	1
has_marrow	1
has_measurements_on_side	1
has_medical_equipment	1
has_metal_bands	1
has_milk	1
has_missiles	1
has_moist_skin	1
has_money	1
has_moving_pictures	1
has_muscles	1
has_needles	1
has_nicotine	1
has_nine_lives	1
has_no_back	1
has_no_engine	1
has_no_eyes	1
has_no_legs	1
has_no_shell	1
has_no_sleeves	1
has_nostrils	1
has_number_keys	1
has_numbers	1
has_oars	1
has_oil	1
has_one_foot	1
has_one_wheel	1
has_other_tools_included	1
has_padding	1
has_paddles	1
has_pages	1
has_panes	1
has_paper	1
has_paramedics	1
has_passengers	1
has_patches	1
has_paws	1
has_pearls	1
has_pegs	1
has_petals	1
has_pieces	1
has_piglets	1
has_pillows	1
has_pincers	1
has_pink_flesh	1
has_pipes	1
has_pips_seeds	1
has_pith	1
has_pleats	1
has_pockets	1
has_pointy_ears	1
has_poles	1
has_pollen	1
has_posts	1
has_potassium	1
has_prices	1
has_programmes	1
has_prongs	1
has_protein	1
has_racks	1
has_red_petals	1
has_rockers	1
has_rooms	1
has_roots	1
has_ropes	1
has_rotating_blades	1
has_rough_skin	1
has_rungs	1
has_runners	1
has_sailors	1
has_sails	1
has_scales	1
has_scaly_skin	1
has_scoops	1
has_seeds	1
has_seeds_on_outside	1
has_segments	1
has_settings	1
has_sharp_teeth	1
has_sheets	1
has_shelves	1
has_short_legs	1
has_sides	1
has_six_legs	1
has_six_sides	1
has_skin	1
has_skin_peel	1
has_slats	1
has_sleeves	1
has_slime	1
has_slots	1
has_small_holes	1
has_small_seeds	1
has_smooth_skin	1
has_snot	1
has_soap	1
has_soft_flesh	1
has_sonar	1
has_space	1
has_spikes	1
has_spiky_leaves	1
has_spines	1
has_spokes	1
has_spores	1
has_spots	1
has_stations	1
has_steps	1
has_stomachs	1
has_stories	1
has_strings	1
has_strong_legs	1
has_stuffing	1
has_styles	1
has_suckers	1
has_sugar	1
has_talons	1
has_taps	1
has_tastebuds	1
has_teeth	1
has_temperature_indicator	1
has_tentacles	1
has_the_queen's_head	1
has_thick_skin	1
has_thin_legs	1
has_thorns	1
has_three_keys	1
has_three_legs	1
has_three_wheels	1
has_thumbs	1
has_tobacco	1
has_toes	1
has_towers	1
has_tracks	1
has_trotters	1
has_trousers	1
has_tubes	1
has_tuning_pegs	1
has_tusks	1
has_two_arms	1
has_two_blades	1
has_two_claws	1
has_two_decks	1
has_two_ear_covers	1
has_two_ends	1
has_two_halves	1
has_two_handles	1
has_two_humps	1
has_two_legs	1
has_two_nostrils	1
has_two_parts	1
has_two_prongs	1
has_two_sides	1
has_two_wheels	1
has_udders	1
has_value	1
has_valves	1
has_varieties	1
has_veins	1
has_velcro	1
has_ventricles	1
has_vitamins	1
has_volume_control	1
has_walls	1
has_water	1
has_wax	1
has_webbed_feet	1
has_weights	1
has_wheels	1
has_whiskers	1
has_white_flesh	1
has_white_keys	1
has_white_stripes	1
has_windows	1
has_wings	1
has_wire_loops	1
has_wool	1
has_words	1
has_wrapping	1
has_yellow_flesh	1
has_yellow_petals	1
has_zest	1
is_30cm_long	1
is_3d	1
is_American	1
is_Cuban	1
is_Dutch	1
is_German	1
is_Indian_or_African	1
is_Mediterranean_in_Mediterranean_cookery	1
is_Scottish	1
is_Spanish	1
is_a_baby	1
is_a_baby_cow	1
is_a_baby_sheep	1
is_a_bad_omen	1
is_a_bag	1
is_a_ball	1
is_a_band	1
is_a_barrier	1
is_a_bed	1
is_a_berry	1
is_a_big_boat	1
is_a_big_cat	1
is_a_big_spider	1
is_a_big_spoon	1
is_a_big_wasp	1
is_a_bike	1
is_a_bird	1
is_a_bird_of_prey	1
is_a_bivalve	1
is_a_boat	1
is_a_body_part	1
is_a_book	1
is_a_booklet	1
is_a_boundary	1
is_a_bow	1
is_a_bowl	1
is_a_box	1
is_a_brass_instrument	1
is_a_broad_bean	1
is_a_building	1
is_a_building_material	1
is_a_bulb	1
is_a_bunch_of_flowers	1
is_a_bus	1
is_a_butterfly_pupae	1
is_a_cage	1
is_a_canine	1
is_a_canoe	1
is_a_car	1
is_a_carnivore_eats_meat	1
is_a_cartoon_character	1
is_a_cat	1
is_a_centrepiece	1
is_a_chair	1
is_a_chicken	1
is_a_childs_toy	1
is_a_choice_of_drinks	1
is_a_citrus_fruit	1
is_a_cloth	1
is_a_coat	1
is_a_companion	1
is_a_condiment	1
is_a_conifer	1
is_a_container	1
is_a_corvid	1
is_a_cow	1
is_a_creepy_crawly	1
is_a_crop	1
is_a_crustacean	1
is_a_dairy_product	1
is_a_deer	1
is_a_device	1
is_a_digit	1
is_a_disc	1
is_a_document	1
is_a_dress	1
is_a_dried_fruit	1
is_a_dried_grape	1
is_a_drink	1
is_a_drug	1
is_a_farm_animal	1
is_a_farming_tool	1
is_a_fashion_accessory	1
is_a_fastening	1
is_a_feat_of_engineering	1
is_a_finger	1
is_a_firework	1
is_a_fish	1
is_a_flower	1
is_a_fly	1
is_a_fortress	1
is_a_fruit	1
is_a_fungus	1
is_a_game_bird	1
is_a_garden_tool	1
is_a_garnish	1
is_a_gemstone	1
is_a_gift	1
is_a_glove	1
is_a_grape	1
is_a_gun	1
is_a_hat	1
is_a_herb	1
is_a_herbivore	1
is_a_home	1
is_a_horse	1
is_a_house	1
is_a_jack_o_lantern	1
is_a_jacket	1
is_a_jumper	1
is_a_kitchen_appliance	1
is_a_kitchen_utensil	1
is_a_knife	1
is_a_large_car	1
is_a_larva	1
is_a_leaflet	1
is_a_lever	1
is_a_lifeboat	1
is_a_light	1
is_a_limb	1
is_a_list	1
is_a_list_of_food	1
is_a_little_person	1
is_a_lizard	1
is_a_lobster	1
is_a_long_car	1
is_a_machine	1
is_a_mammal	1
is_a_marsupial	1
is_a_material	1
is_a_medical_instrument	1
is_a_mobile	1
is_a_mobile_home	1
is_a_mollusc	1
is_a_mouth_organ	1
is_a_musical_instrument	1
is_a_nibble	1
is_a_nut	1
is_a_painkiller	1
is_a_parasite	1
is_a_parrot	1
is_a_pest	1
is_a_pet	1
is_a_phobia	1
is_a_pickled_cucumber	1
is_a_pill	1
is_a_plant	1
is_a_plum	1
is_a_powder	1
is_a_pram	1
is_a_predator	1
is_a_preserve	1
is_a_primate	1
is_a_prison	1
is_a_problem_for_diabetics	1
is_a_pulse	1
is_a_rasher	1
is_a_reptile	1
is_a_rodent	1
is_a_root_vegetable	1
is_a_runner_bean	1
is_a_sauce	1
is_a_scientific_instrument	1
is_a_sea_animal	1
is_a_sea_creature	1
is_a_seat	1
is_a_seed	1
is_a_shape	1
is_a_shellfish	1
is_a_ship	1
is_a_siege_weapon	1
is_a_sink	1
is_a_small_boat	1
is_a_small_cabbage	1
is_a_small_horse	1
is_a_small_towel	1
is_a_snack	1
is_a_snake	1
is_a_spade	1
is_a_spear	1
is_a_spider	1
is_a_spirit	1
is_a_squash	1
is_a_squeeze_box	1
is_a_squirrel	1
is_a_staple_food	1
is_a_stick	1
is_a_stimulant	1
is_a_string_instrument	1
is_a_structure	1
is_a_swimsuit	1
is_a_symbol	1
is_a_symbol_of_Wales	1
is_a_symbol_of_engagement	1
is_a_symbol_of_love	1
is_a_symbol_of_peace	1
is_a_symbol_of_power	1
is_a_symbol_of_remembrance	1
is_a_symbol_of_war	1
is_a_tomb	1
is_a_tomb_for_a_pharaoh	1
is_a_tool	1
is_a_towel	1
is_a_toy	1
is_a_treat	1
is_a_tree	1
is_a_tube	1
is_a_tuber	1
is_a_type_of_trousers	1
is_a_type_of_wood	1
is_a_utensil	1
is_a_vegetable	1
is_a_vehicle	1
is_a_vessel	1
is_a_wasp	1
is_a_water_bird	1
is_a_weapon	1
is_a_weed	1
is_a_wind_instrument	1
is_a_wine	1
is_a_woodwind_instrument	1
is_a_writing_implement	1
is_aboriginal	1
is_above_water	1
is_abrasive	1
is_absorbent	1
is_accentuated_in_women	1
is_acoustic	1
is_added_to_cereal	1
is_added_to_coffee	1
is_added_to_tea	1
is_addictive	1
is_adjustable	1
is_aerodynamic_streamlined	1
is_aggressive	1
is_airy	1
is_alcoholic	1
is_alive	1
is_alphabetical	1
is_an_American_symbol	1
is_an_accessory	1
is_an_achievement	1
is_an_adhesive	1
is_an_aircraft	1
is_an_alcoholic_drink	1
is_an_allergen	1
is_an_amphibian	1
is_an_animal	1
is_an_antibiotic	1
is_an_antidepressant	1
is_an_ape	1
is_an_aphrodisiac	1
is_an_appliance	1
is_an_arachnid	1
is_an_axe	1
is_an_eggplant	1
is_an_electrical_appliance	1
is_an_emergency_vehicle	1
is_an_insect	1
is_an_invertebrate	1
is_an_opiate	1
is_an_orange	1
is_an_organ	1
is_an_oven	1
is_ancient_medieval	1
is_angry	1
is_ankle_length	1
is_annoying	1
is_anti-inflammatory	1
is_any_size	1
is_applied	1
is_associated_with_Christmas	1
is_associated_with_Easter	1
is_associated_with_Egypt	1
is_associated_with_Halloween	1
is_associated_with_death	1
is_associated_with_knights	1
is_associated_with_navies	1
is_associated_with_old_people	1
is_associated_with_spring	1
is_associated_with_summer	1
is_associated_with_winter	1
is_attached	1
is_attached_to_a_gun	1
is_attached_to_a_tap	1
is_attached_to_clothing	1
is_attached_to_the_foot	1
is_attracted_to_food	1
is_attracted_to_light	1
is_attracted_to_sweet_things	1
is_awarded	1
is_bacon	1
is_bad_for_lungs	1
is_bad_for_teeth	1
is_bait	1
is_baked	1
is_banned	1
is_battered	1
is_big_large	1
is_bigger_than_a_car	1
is_bigger_than_a_mouse	1
is_billowing	1
is_biotic	1
is_bitter	1
is_black	1
is_black_and_white	1
is_black_in_London	1
is_blind	1
is_blonde	1
is_blown	1
is_blue	1
is_blunt	1
is_boiled	1
is_boiled_alive	1
is_boring	1
is_born_in_spring	1
is_bought_at_florists	1
is_bought_from_bakers	1
is_bouncy	1
is_bright	1
is_bronze	1
is_brown	1
is_built	1
is_bumpy	1
is_buoyant	1
is_buried	1
is_by_entrances	1
is_calamari	1
is_camouflaged	1
is_carbonated	1
is_carcinogenic	1
is_carried	1
is_carved	1
is_casual	1
is_caught	1
is_chapped	1
is_cheap	1
is_chewed	1
is_chipped_off	1
is_circular_round	1
is_citrus	1
is_clapped_together	1
is_classy	1
is_clear_transparent	1
is_clever_intelligent	1
is_clothing	1
is_cloudy	1
is_coarse	1
is_coiled	1
is_cold	1
is_cold_blooded	1
is_collapsible	1
is_collectable	1
is_coloured	1
is_colourful	1
is_comfortable	1
is_common	1
is_concealing	1
is_conical	1
is_connected_to_a_water_supply	1
is_controlled	1
is_cool	1
is_cordless	1
is_cosy	1
is_covered_in_lipstick	1
is_covered_in_paper	1
is_cramped	1
is_creamy	1
is_crockery	1
is_cruel	1
is_crumbly	1
is_crunchy	1
is_crushed	1
is_crystalline	1
is_cuboid	1
is_cunning	1
is_cured	1
is_curly	1
is_currency	1
is_curved	1
is_cut	1
is_cute	1
is_cutlery	1
is_cylindrical	1
is_dangerous	1
is_dark	1
is_dead	1
is_deciduous	1
is_decorative	1
is_defended	1
is_diamond_shape	1
is_difficult_to_grow	1
is_digital	1
is_dirty	1
is_discovered_by_Alexander_Flemming	1
is_disgusting	1
is_disgusting_taste_bad	1
is_dissuaded_by_nets	1
is_draped	1
is_dressed_up	1
is_dried	1
is_drunk	1
is_drunk_by_men	1
is_drunk_from_a_glass	1
is_drunk_in_pints	1
is_drunk_in_the_morning	1
is_drunk_with_food	1
is_drunk_with_tonic	1
is_durable	1
is_easy_to_lose	1
is_eaten_as_a_steak	1
is_eaten_as_beef	1
is_eaten_as_dessert	1
is_eaten_at_lunch	1
is_eaten_by_Popeye	1
is_eaten_by_birds	1
is_eaten_by_fish	1
is_eaten_by_foxes	1
is_eaten_by_lions	1
is_eaten_by_monkeys	1
is_eaten_by_rabbits	1
is_eaten_by_squirrels	1
is_eaten_edible	1
is_eaten_for_breakfast	1
is_eaten_in_France	1
is_eaten_in_South_America	1
is_eaten_in_hot_weather	1
is_eaten_in_salad	1
is_eaten_raw	1
is_eaten_with_a_spoon	1
is_eaten_with_bread	1
is_eaten_with_cheese	1
is_eaten_with_chips	1
is_eaten_with_crackers	1
is_eaten_with_cream	1
is_eaten_with_custard	1
is_eaten_with_fruit	1
is_eaten_with_ice_cream	1
is_eaten_with_tea	1
is_educational	1
is_electric	1
is_elegant	1
is_endangered	1
is_entertaining_fun	1
is_erasable	1
is_essential	1
is_evergreen	1
is_exotic	1
is_expensive	1
is_eyewear	1
is_fair	1
is_fancy_dress	1
is_farmed	1
is_fashionable	1
is_fast	1
is_fat	1
is_fatty_fattening	1
is_featured_in_a_film	1
is_feminine	1
is_fermented	1
is_fiction	1
is_filled	1
is_filled_with_straw	1
is_fine	1
is_fingerless	1
is_fired	1
is_fired_from_guns	1
is_fished	1
is_fizzy	1
is_flat	1
is_flat_screen	1
is_flexible	1
is_flown	1
is_fluffy	1
is_food	1
is_footwear	1
is_for_a_bride	1
is_for_a_king	1
is_for_animals	1
is_for_anxiety	1
is_for_babies	1
is_for_birds	1
is_for_birthdays	1
is_for_buying_things	1
is_for_camping	1
is_for_celebrities	1
is_for_cereal	1
is_for_children	1
is_for_cleaning_teeth	1
is_for_clothes	1
is_for_communication	1
is_for_cricket	1
is_for_curry	1
is_for_cutting	1
is_for_dead_people	1
is_for_disabled	1
is_for_dogs	1
is_for_eating_off	1
is_for_eyebrows	1
is_for_festivals	1
is_for_floors	1
is_for_food	1
is_for_football	1
is_for_gambling	1
is_for_games	1
is_for_girls	1
is_for_guinea_pigs	1
is_for_hair	1
is_for_hair_removal	1
is_for_hanging_coats	1
is_for_hanging_things_up	1
is_for_heads	1
is_for_heavy_objects	1
is_for_holidays	1
is_for_inside	1
is_for_leisure_pleasure	1
is_for_letters	1
is_for_men	1
is_for_one_person	1
is_for_parties	1
is_for_patients	1
is_for_people_who_can_not_walk	1
is_for_pets	1
is_for_preparing_food	1
is_for_pressing	1
is_for_products	1
is_for_rabbits	1
is_for_reaching	1
is_for_reaching_high_things	1
is_for_rubbish	1
is_for_safety	1
is_for_sex	1
is_for_skiing	1
is_for_sleep	1
is_for_smelling_nice	1
is_for_smokers	1
is_for_soup	1
is_for_special_occasions	1
is_for_spelling	1
is_for_spillages	1
is_for_the_news	1
is_for_walking	1
is_for_washing_hands	1
is_for_washing_laundry	1
is_for_weddings	1
is_for_wiping	1
is_for_wiping_food_off	1
is_for_women_females_girls	1
is_for_work	1
is_forbidden_illegal	1
is_formal	1
is_found_at_seaside	1
is_found_at_the_end_of_a_leg	1
is_found_dead_in_roads	1
is_found_in_Africa	1
is_found_in_America	1
is_found_in_Asia	1
is_found_in_Britain_UK_England	1
is_found_in_Canada	1
is_found_in_South_America	1
is_found_in_a_bottle	1
is_found_in_a_harbour	1
is_found_in_a_vase	1
is_found_in_animals	1
is_found_in_bathrooms	1
is_found_in_bedrooms	1
is_found_in_bible	1
is_found_in_cities	1
is_found_in_cold_climates	1
is_found_in_damp_places	1
is_found_in_dining_rooms	1
is_found_in_fairgrounds	1
is_found_in_fields	1
is_found_in_forests_woods	1
is_found_in_freshwater	1
is_found_in_front_of_houses	1
is_found_in_gardens	1
is_found_in_grass	1
is_found_in_homes_houses	1
is_found_in_kitchens	1
is_found_in_laboratories	1
is_found_in_libraries	1
is_found_in_offices	1
is_found_in_on_a_pond	1
is_found_in_on_cars	1
is_found_in_on_the_body	1
is_found_in_parks	1
is_found_in_pockets	1
is_found_in_pods	1
is_found_in_pubs	1
is_found_in_schools	1
is_found_in_seas	1
is_found_in_sheds	1
is_found_in_shops	1
is_found_in_soil	1
is_found_in_stately_homes	1
is_found_in_the_chest	1
is_found_in_the_country	1
is_found_in_the_desert	1
is_found_in_the_ground	1
is_found_in_the_playground	1
is_found_in_the_study	1
is_found_in_tool_box	1
is_found_in_utility_rooms	1
is_found_in_wine_bottles	1
is_found_in_zoos	1
is_found_near_doors	1
is_found_on_a_washing_line	1
is_found_on_a_wheel	1
is_found_on_animals	1
is_found_on_beaches	1
is_found_on_beds	1
is_found_on_belts	1
is_found_on_bicycles	1
is_found_on_boats_ships	1
is_found_on_canals	1
is_found_on_clothes	1
is_found_on_coats	1
is_found_on_desks	1
is_found_on_farms	1
is_found_on_rivers	1
is_found_on_shelves	1
is_found_on_ships	1
is_found_on_shoes	1
is_found_on_sofas	1
is_found_on_tables	1
is_found_on_the_ground	1
is_found_on_the_head	1
is_found_on_the_side_of_head	1
is_found_on_vehicles	1
is_found_on_water	1
is_found_outside	1
is_fragile_delicate	1
is_free	1
is_fried	1
is_friendly	1
is_from_Argos	1
is_from_Australia	1
is_from_India	1
is_from_Somerset	1
is_from_a_dead_animal	1
is_from_a_tadpole	1
is_from_champagne	1
is_from_trees	1
is_frozen	1
is_fruity	1
is_funny	1
is_furniture	1
is_furry	1
is_given_on_valentines_day	1
is_glossy	1
is_golden	1
is_good_for_bones	1
is_good_for_soil	1
is_graceful	1
is_grain	1
is_grand	1
is_green	1
is_green_and_white	1
is_grey	1
is_grilled	1
is_ground	1
is_grown	1
is_grown_by_mould	1
is_grown_in_fields	1
is_grown_in_paddy_fields	1
is_hallucinogenic	1
is_handed_out	1
is_handheld	1
is_hard	1
is_hard_to_catch	1
is_hard_to_kill	1
is_hard_to_pick_things_up	1
is_hard_to_play	1
is_hard_to_put_on	1
is_hard_to_ride	1
is_hardback	1
is_harmful	1
is_hated	1
is_healthy	1
is_heavy	1
is_held_sideways	1
is_held_under_the_chin	1
is_held_with_cement	1
is_herbivorous	1
is_high-pitched	1
is_hired	1
is_hit	1
is_hit_with_a_hammer	1
is_hit_with_a_stick	1
is_hollow	1
is_hot	1
is_hot_spicy	1
is_hunted_is_prey	1
is_imperial	1
is_important	1
is_imposing	1
is_in_Chinese_cookery	1
is_in_Harry_Potter	1
is_in_a_barrel	1
is_in_a_bowl	1
is_in_a_buttonhole	1
is_in_a_cup	1
is_in_a_dairy	1
is_in_a_drawer	1
is_in_a_handbag	1
is_in_a_jar	1
is_in_a_mug	1
is_in_a_pear_tree	1
is_in_a_purse	1
is_in_a_roll	1
is_in_a_teabag	1
is_in_a_teapot	1
is_in_a_wall	1
is_in_a_wallet	1
is_in_an_orchestra	1
is_in_bunches	1
is_in_cigarettes	1
is_in_cigars	1
is_in_circuses	1
is_in_fives	1
is_in_food	1
is_in_grammes	1
is_in_loaves	1
is_in_packets	1
is_in_pipes	1
is_in_plagues	1
is_in_the_Lion_King	1
is_in_the_body	1
is_in_the_centre_of_the_face	1
is_in_the_living_room	1
is_inanimate	1
is_indoors	1
is_inflated	1
is_intimidating	1
is_ironed	1
is_jellied	1
is_jelly	1
is_jewellery	1
is_joined_to_body	1
is_juicy	1
is_kept_for_wool	1
is_kept_in_a_cage	1
is_kept_in_a_tank	1
is_kept_in_battery_farms	1
is_kept_in_falconries	1
is_kept_in_fridge	1
is_kept_in_scabbards	1
is_kicked	1
is_knitted	1
is_knotted	1
is_laminated	1
is_late	1
is_launched	1
is_light	1
is_like_a_bee	1
is_like_a_big_violin	1
is_like_a_butterfly	1
is_like_a_cigarette	1
is_like_a_courgette	1
is_like_a_cow	1
is_like_a_crocodile	1
is_like_a_cucumber	1
is_like_a_frog	1
is_like_a_guitar	1
is_like_a_hedgehog	1
is_like_a_horse	1
is_like_a_lemon	1
is_like_a_mussel	1
is_like_a_peach	1
is_like_a_piano	1
is_like_a_raisin	1
is_like_a_sheep	1
is_like_a_sieve	1
is_like_a_small_spade	1
is_like_a_small_tree	1
is_like_a_snail	1
is_like_a_spoon	1
is_like_a_tangerine	1
is_like_an_octopus	1
is_like_an_onion	1
is_like_an_orange	1
is_like_an_ostrich	1
is_lingerie	1
is_liquid	1
is_lit	1
is_lived_in	1
is_long	1
is_loose	1
is_love	1
is_low_in_calories	1
is_luxurious	1
is_made_by_Crayola	1
is_made_by_Heinz	1
is_made_by_Helmans	1
is_made_in_France	1
is_made_in_a_mill	1
is_made_in_a_mould	1
is_made_into_a_chain	1
is_made_into_a_smoothie	1
is_made_into_juice	1
is_made_with_fruit	1
is_made_with_water	1
is_magic	1
is_magical	1
is_majestic	1
is_make_up	1
is_male	1
is_man's_best_friend	1
is_manual	1
is_mashed	1
is_meat	1
is_medicine	1
is_messy	1
is_milk	1
is_mobile	1
is_money	1
is_morbid	1
is_mushy	1
is_natural	1
is_near_tables	1
is_necessary_essential	1
is_nice	1
is_nightwear	1
is_nocturnal	1
is_noisy_loud	1
is_non_fiction	1
is_not_used_much	1
is_off_road	1
is_old	1
is_old-fashioned	1
is_old_fashioned	1
is_on_Christmas_cards	1
is_on_a_snake	1
is_on_a_string	1
is_on_cobs	1
is_on_doors	1
is_on_the_face	1
is_one_piece	1
is_online	1
is_open	1
is_operated	1
is_opposable	1
is_orange	1
is_orange_and_black	1
is_orange_inside	1
is_ornate	1
is_ostentatious	1
is_overdosed	1
is_owned_by_rich_people	1
is_owned_by_the_queen	1
is_paddled	1
is_painful	1
is_painted	1
is_paperback	1
is_part_of_a_drumkit	1
is_part_of_a_train	1
is_part_of_an_English_breakfast	1
is_part_of_the_hand	1
is_part_of_the_mouth	1
is_patterned	1
is_peeled	1
is_percussion	1
is_picked	1
is_pickled	1
is_pierced	1
is_pigeon_size	1
is_pink	1
is_pink_inside	1
is_pink_when_cooked	1
is_pinned_on	1
is_placed_on_laps	1
is_plain	1
is_played_by_cellists	1
is_played_does_play	1
is_played_in_bands	1
is_played_with	1
is_played_with_drumsticks	1
is_played_with_fingers	1
is_played_with_hands	1
is_played_with_the_mouth	1
is_plucked	1
is_pocket_sized	1
is_poisonous	1
is_popped	1
is_popular	1
is_popular_in_Ireland	1
is_pork	1
is_posh	1
is_powered_by_steam	1
is_powerful	1
is_precise	1
is_prescribed	1
is_pretty_attractive_beautiful	1
is_prickly	1
is_printed	1
is_printed_every_day	1
is_proof	1
is_protective_of_young	1
is_proud	1
is_public_transport	1
is_pulled	1
is_pulled_by_a_tractor	1
is_pulled_by_dogs	1
is_pulled_by_horses	1
is_purple	1
is_pushed	1
is_put_in_burgers	1
is_put_in_muffins	1
is_rainproof	1
is_random	1
is_rare	1
is_read	1
is_rectangular_square	1
is_red	1
is_red_and_black	1
is_red_when_cooked	1
is_red_with_black_spots	1
is_reflective	1
is_refreshing	1
is_regal	1
is_related_to_cabbages	1
is_related_to_dogs	1
is_related_to_humans	1
is_relaxing	1
is_religious	1
is_removed	1
is_restrictive	1
is_reusable	1
is_revealing	1
is_rhythmic	1
is_ridden	1
is_right_or_left_handed	1
is_roasted	1
is_roasted_on_an_open_fire	1
is_rolled	1
is_romantic	1
is_rose	1
is_rough	1
is_salted	1
is_salty	1
is_sandy_coloured	1
is_sat_at	1
is_sat_on	1
is_savoury	1
is_scary	1
is_screwed	1
is_seafood	1
is_sealable	1
is_seen_at_funerals	1
is_seen_in_the_sky	1
is_self_raising	1
is_semi_skimmed	1
is_sensitive	1
is_sent_in_the_post	1
is_serrated	1
is_served_in_flutes	1
is_sewn_on	1
is_sexy	1
is_shaken	1
is_sharp	1
is_shiny	1
is_shoes	1
is_shorn	1
is_short	1
is_short_lived	1
is_shrivelled	1
is_shy_timid	1
is_silver	1
is_similar_to_a_camel	1
is_skimmed	1
is_sleek	1
is_sliced	1
is_slimy	1
is_slippery	1
is_slow	1
is_small	1
is_smaller_than_a_lorry	1
is_smart	1
is_smoked	1
is_smooth	1
is_social	1
is_soft	1
is_sold_bought	1
is_sold_bought_in_supermarkets_shops	1
is_solid	1
is_sour_sharp_acidic	1
is_sparkling	1
is_sparkly	1
is_spherical	1
is_spiky	1
is_spiral_shaped	1
is_spongy	1
is_spread	1
is_spread_on_bread	1
is_squashy_squidgy_squishy	1
is_stable	1
is_sticky	1
is_still	1
is_stolen	1
is_straight	1
is_strawberry	1
is_streaky	1
is_stretchy	1
is_stringy	1
is_striped	1
is_strong	1
is_strummed	1
is_stupid	1
is_styled	1
is_swallowed	1
is_sweet	1
is_symmetrical	1
is_taken	1
is_tall	1
is_tartan	1
is_tasteless_bland	1
is_tasty	1
is_thick	1
is_thin	1
is_thrown	1
is_thrown_for_dogs	1
is_tight	1
is_to_see_underwater	1
is_to_wipe_your_mouth_on	1
is_toasted	1
is_towed	1
is_towed_by_a_car	1
is_traditional	1
is_transport	1
is_triangular	1
is_tropical	1
is_twisted	1
is_ugly	1
is_uncomfortable	1
is_underwater	1
is_underwear	1
is_underwire	1
is_unhealthy	1
is_unique	1
is_unusual	1
is_used_as_punishment	1
is_used_at_barbecues	1
is_used_at_meals	1
is_used_before_planting	1
is_used_by_academics	1
is_used_by_artists	1
is_used_by_boys	1
is_used_by_burglars	1
is_used_by_cavemen	1
is_used_by_clowns	1
is_used_by_criminals	1
is_used_by_dancers	1
is_used_by_doctors	1
is_used_by_farmers	1
is_used_by_firemen	1
is_used_by_gypsies	1
is_used_by_magicians	1
is_used_by_mechanics	1
is_used_by_parents	1
is_used_by_pirates	1
is_used_by_police	1
is_used_by_referees	1
is_used_by_scientists	1
is_used_by_secretaries	1
is_used_by_soldiers	1
is_used_by_surfers	1
is_used_by_surgeons	1
is_used_by_teenagers	1
is_used_by_witches	1
is_used_by_wizards	1
is_used_by_workmen	1
is_used_for_announcements	1
is_used_for_art	1
is_used_for_baking	1
is_used_for_breaking_in	1
is_used_for_calling	1
is_used_for_cameras	1
is_used_for_cigarettes	1
is_used_for_cleaning	1
is_used_for_coal	1
is_used_for_coffee	1
is_used_for_colouring	1
is_used_for_drawing	1
is_used_for_drinking	1
is_used_for_eating	1
is_used_for_fighting	1
is_used_for_fire	1
is_used_for_fires	1
is_used_for_gardening	1
is_used_for_hearing	1
is_used_for_hunting	1
is_used_for_jewellery	1
is_used_for_levelling	1
is_used_for_marriage	1
is_used_for_painting	1
is_used_for_posting_letters	1
is_used_for_reference	1
is_used_for_research	1
is_used_for_riding_a_bike	1
is_used_for_sandwiches	1
is_used_for_school_trips	1
is_used_for_seeing_ourselves	1
is_used_for_sewing	1
is_used_for_shaping	1
is_used_for_shaving	1
is_used_for_shopping	1
is_used_for_smelling	1
is_used_for_standing	1
is_used_for_study	1
is_used_for_talking	1
is_used_for_those_who_can't_cycle	1
is_used_for_watering	1
is_used_for_watering_the_plants	1
is_used_for_weeding	1
is_used_for_writing	1
is_used_for_writing_letters	1
is_used_in_Cambridge	1
is_used_in_Spanish_dancing	1
is_used_in_archery	1
is_used_in_army_military	1
is_used_in_ballet	1
is_used_in_baseball	1
is_used_in_battle_war	1
is_used_in_board_games	1
is_used_in_busking	1
is_used_in_cakes	1
is_used_in_castles	1
is_used_in_church	1
is_used_in_cinemas	1
is_used_in_climbing	1
is_used_in_cooking	1
is_used_in_crumbles	1
is_used_in_desserts	1
is_used_in_drinks	1
is_used_in_emergencies	1
is_used_in_experiments	1
is_used_in_fishing	1
is_used_in_folk_music	1
is_used_in_food_preparation	1
is_used_in_hot_weather	1
is_used_in_jazz_music	1
is_used_in_maths	1
is_used_in_medieval_warfare	1
is_used_in_meetings	1
is_used_in_mining	1
is_used_in_moussaka	1
is_used_in_muesli	1
is_used_in_photography	1
is_used_in_pies	1
is_used_in_plays	1
is_used_in_presentations	1
is_used_in_restaurants_cafes	1
is_used_in_robin_hood	1
is_used_in_rounders	1
is_used_in_sauces	1
is_used_in_seas	1
is_used_in_shows	1
is_used_in_snow	1
is_used_in_sport	1
is_used_in_supermarket	1
is_used_in_surgery	1
is_used_in_teaching	1
is_used_in_tennis	1
is_used_in_the_dark	1
is_used_in_the_sea	1
is_used_in_tug_of_war	1
is_used_in_ultimate_frisbee	1
is_used_in_water	1
is_used_in_winter	1
is_used_on_Christmas_pudding	1
is_used_on_building_sites	1
is_used_on_car_wheels	1
is_used_on_horses	1
is_used_on_nails	1
is_used_on_roads	1
is_used_on_rough_terrains	1
is_used_on_toast	1
is_used_on_toe_nails	1
is_used_on_trousers	1
is_used_on_waves	1
is_used_on_wood	1
is_used_to_brush_hair	1
is_used_to_build_houses	1
is_used_to_build_used_by_builders	1
is_used_to_cast_spells	1
is_used_to_catch_fish	1
is_used_to_clear_leaves	1
is_used_to_cut_paper	1
is_used_to_eat_food	1
is_used_to_flavour_food	1
is_used_to_gather	1
is_used_to_give_directions	1
is_used_to_hang_a_picture	1
is_used_to_harvest	1
is_used_to_hold	1
is_used_to_kill_whales	1
is_used_to_learn	1
is_used_to_listen	1
is_used_to_look_up_meanings	1
is_used_to_make_cheese	1
is_used_to_make_chips	1
is_used_to_make_furniture	1
is_used_to_make_opium	1
is_used_to_make_shapes	1
is_used_to_make_smooth_surfaces	1
is_used_to_make_smoothies	1
is_used_to_mix	1
is_used_to_mix_eggs	1
is_used_to_move	1
is_used_to_move_snow	1
is_used_to_open_bottles	1
is_used_to_open_wine	1
is_used_to_play_with	1
is_used_to_put_out_a_fire	1
is_used_to_put_things_on	1
is_used_to_remove_skin	1
is_used_to_rescue	1
is_used_to_seal	1
is_used_to_secure	1
is_used_to_see	1
is_used_to_see_small_things	1
is_used_to_send	1
is_used_to_serve	1
is_used_to_serve_food	1
is_used_to_store_jam	1
is_used_to_sunbathe	1
is_used_to_surf	1
is_used_to_urinate_in	1
is_used_to_wash	1
is_used_to_wipe_feet	1
is_used_to_wrap_presents	1
is_used_to_write	1
is_used_when_eating	1
is_used_when_sick	1
is_used_with_a_bow	1
is_used_with_a_screwdriver	1
is_used_with_nuts	1
is_used_with_screws	1
is_used_with_thread	1
is_useful	1
is_veal	1
is_vital_for_life	1
is_warm	1
is_warty	1
is_watched	1
is_watertight_waterproof	1
is_waved	1
is_weak	1
is_weeping	1
is_wet	1
is_where_you_poo	1
is_white	1
is_white_and_yellow	1
is_wild	1
is_wise	1
is_wobbly	1
is_woolly	1
is_worn	1
is_worn_after_baths	1
is_worn_around_the_neck	1
is_worn_around_the_waist	1
is_worn_at_bedtime_night	1
is_worn_at_work	1
is_worn_by_businessmen	1
is_worn_by_cyclists	1
is_worn_by_divers	1
is_worn_by_gymnasts	1
is_worn_by_men_and_women	1
is_worn_by_motorcyclists	1
is_worn_by_prisoners	1
is_worn_by_superheroes	1
is_worn_by_wizards	1
is_worn_for_swimming	1
is_worn_in_bed	1
is_worn_in_warm_weather	1
is_worn_in_winter	1
is_worn_on_a_finger	1
is_worn_on_feet	1
is_worn_on_head	1
is_worn_on_the_face	1
is_worn_on_the_hand	1
is_worn_on_the_legs	1
is_worn_on_the_lips	1
is_worn_on_the_lower_body	1
is_worn_on_the_shoulder	1
is_worn_on_the_wrist	1
is_worn_on_upper_body	1
is_worn_over_clothes	1
is_worn_to_balls	1
is_worn_when_cold	1
is_worn_with_a_suit	1
is_worn_with_a_tie	1
is_worn_with_pyjamas	1
is_worn_with_skirts	1
is_woven	1
is_wrinkly	1
is_written	1
is_y-shaped	1
is_yellow	1
is_yellow_and_black	1
is_yellow_and_brown	1
is_yellow_in_New_York	1
keeps_people_out	1
made__of_metal_and_fabric	1
made_of_a_white_grape	1
made_of_additives	1
made_of_alcohol	1
made_of_aluminium	1
made_of_animal_skin	1
made_of_apples	1
made_of_beads	1
made_of_beet	1
made_of_berries	1
made_of_bones	1
made_of_brass	1
made_of_bread	1
made_of_butter	1
made_of_calcium_carbonate	1
made_of_cane	1
made_of_canvas	1
made_of_carbohydrate_starch	1
made_of_cardboard_card	1
made_of_carpet	1
made_of_cartilage	1
made_of_cells	1
made_of_cement	1
made_of_ceramic_china_clay_porcelain	1
made_of_chainmail	1
made_of_cheese	1
made_of_chemicals	1
made_of_chocolate	1
made_of_cocoa	1
made_of_coffee_beans	1
made_of_copper	1
made_of_cork	1
made_of_cotton	1
made_of_cream	1
made_of_denim	1
made_of_diamonds	1
made_of_dough	1
made_of_eggs	1
made_of_elastic	1
made_of_enamel	1
made_of_explosives	1
made_of_fabric_cloth_material	1
made_of_fermented_apples	1
made_of_fermented_grapes	1
made_of_fibre_glass	1
made_of_fibres	1
made_of_flint	1
made_of_flour	1
made_of_flowers	1
made_of_fruit	1
made_of_gelatine	1
made_of_glass	1
made_of_glucose	1
made_of_glue	1
made_of_gold	1
made_of_grain	1
made_of_grapes	1
made_of_graphite	1
made_of_hops	1
made_of_ivory	1
made_of_juniper_berries	1
made_of_keratin	1
made_of_lace	1
made_of_lead	1
made_of_leather	1
made_of_lemons	1
made_of_linen	1
made_of_lycra	1
made_of_malt	1
made_of_matting	1
made_of_meat	1
made_of_mercury	1
made_of_mesh	1
made_of_metal	1
made_of_metal_and_plastic	1
made_of_milk	1
made_of_minerals	1
made_of_neoprene	1
made_of_nerves	1
made_of_nylon	1
made_of_paper	1
made_of_paper_and_sand	1
made_of_parts	1
made_of_pastry	1
made_of_pears	1
made_of_pig	1
made_of_pigment	1
made_of_plastic	1
made_of_polyester	1
made_of_precious_metals	1
made_of_rock	1
made_of_rope	1
made_of_rubber	1
made_of_salt	1
made_of_sand	1
made_of_silk	1
made_of_silver	1
made_of_steel	1
made_of_stock	1
made_of_stone	1
made_of_straw	1
made_of_string	1
made_of_synthetic_materials	1
made_of_tendons	1
made_of_tights	1
made_of_tomatoes	1
made_of_towelling	1
made_of_two_slices_of_bread	1
made_of_vegetables	1
made_of_vinegar	1
made_of_water_is_watery	1
made_of_wax	1
made_of_wheat	1
made_of_wicker	1
made_of_wire	1
made_of_wood	1
made_of_wood_and_metal	1
made_of_wool	1
made_of_yeast	1
